"","Nazwisko","Wiek","Aktualne.miejsce.w.rankingu"
"1","Wybrany wiek:","69",NA
"2","Bernard Arnault & family ","73","3"
"3","Warren Buffett ","91","5"
"4","Larry Ellison ","77","8"
"5","Michael Bloomberg ","80","12"
"6","Carlos Slim Helu & family ","82","13"
"7","Jim Walton ","73","16"
"8","Alice Walton ","72","18"
"9","Rob Walton ","77","19"
"10","Charles Koch ","86","21"
"11","Amancio Ortega ","86","23"
"12","Phil Knight & family ","84","27"
"13","Dieter Schwarz ","82","28"
"14","François Pinault & family ","85","32"
"15","Klaus-Michael Kuehne ","84","33"
"16","Li Ka-shing ","93","37"
"17","Stephen Schwarzman ","75","37"
"18","Lee Shau Kee ","94","39"
"19","Jacqueline Mars ","82","41"
"20","John Mars ","86","41"
"21","Alain Wertheimer ","73","43"
"22","Gerard Wertheimer ","71","43"
"23","Shiv Nadar ","76","47"
"24","Jim Simons ","83","48"
"25","He Xiangjian ","79","49"
"26","Miriam Adelson ","76","50"
"27","Dietrich Mateschitz ","77","51"
"28","Leonardo Del Vecchio & family ","86","52"
"29","Tadashi Yanai & family ","73","54"
"30","Cyrus Poonawalla ","80","56"
"31","Takemitsu Takizaki ","76","61"
"32","R. Budi Hartono ","81","64"
"33","Leonard Lauder ","89","65"
"34","Iris Fontbona & family ","79","67"
"35","Michael Hartono ","82","69"
"36","Ray Dalio ","72","71"
"37","Thomas Frist, Jr. & family ","83","73"
"38","Rupert Murdoch & family ","91","76"
"39","Thomas Peterffy ","77","80"
"40","Reinhold Wuerth & family ","86","84"
"41","Theo Albrecht, Jr. & family ","71","85"
"42","Lakshmi Mittal ","71","89"
"43","Savitri Jindal & family ","72","91"
"44","Li Xiting ","71","94"
"45","Stefan Persson ","74","94"
"46","Harold Hamm & family ","76","98"
"47","Peter Woo ","75","100"
"48","Gianluigi & Rafaela Aponte ","81","102"
"49","John Menard, Jr. ","82","104"
"50","Carl Icahn ","86","106"
"51","James Ratcliffe ","69","111"
"52","Donald Bren ","89","112"
"53","Jorge Paulo Lemann & family ","82","117"
"54","Eyal Ofer ","71","117"
"55","Pallonji Mistry ","92","125"
"56","Donald Newhouse ","92","128"
"57","Joseph Lau ","70","135"
"58","Dhanin Chearavanont ","82","137"
"59","Liu Yongxing ","73","138"
"60","David Duffield ","81","142"
"61","Harry Triguboff ","89","144"
"62","John Doerr ","70","146"
"63","Kwong Siu-hing ","92","149"
"64","Jim Pattison ","93","152"
"65","Charles Schwab ","84","152"
"66","Goh Cheng Liang ","94","154"
"67","Charoen Sirivadhanabhakdi ","77","156"
"68","John Fredriksen ","77","158"
"69","Andreas Struengmann & family ","72","158"
"70","Thomas Struengmann & family ","72","158"
"71","Robert Kuok ","98","163"
"72","Zhang Congyuan ","74","163"
"73","Lui Che Woo ","93","166"
"74","Israel Englander ","73","167"
"75","Jin Baofang ","69","173"
"76","Gennady Timchenko ","69","173"
"77","Philip Anschutz ","82","180"
"78","David Cheriton ","71","180"
"79","Diane Hendricks ","75","183"
"80","Stanley Kroenke ","74","183"
"81","Jerry Jones ","79","185"
"82","Quek Leng Chan ","80","185"
"83","Vagit Alekperov ","71","188"
"84","Melker Schorling & family ","74","191"
"85","Stefano Pessina ","80","192"
"86","Marcel Herrmann Telles ","72","192"
"87","Leon Black ","70","197"
"88","David Geffen ","79","197"
"89","Andrew Beal ","69","201"
"90","George Kaiser ","79","201"
"91","Luis Carlos Sarmiento ","89","201"
"92","Jorge Moll Filho & family ","77","206"
"93","Azim Premji ","76","206"
"94","Kirsten Rausing ","69","206"
"95","Gordon Moore ","93","214"
"96","Zheng Shuliang & family ","76","218"
"97","James Dyson ","74","221"
"98","Liu Yonghao & family ","70","223"
"99","Ann Walton Kroenke ","73","227"
"100","Eric Wittouck ","75","227"
"101","Friedhelm Loh ","75","230"
"102","Michael Otto ","78","230"
"103","Johann Rupert & family ","71","230"
"104","Pauline MacMillan Keinath ","88","235"
"105","Herbert Kohler, Jr. & family ","83","235"
"106","Kushal Pal Singh ","90","235"
"107","Zong Qinghou ","76","235"
"108","Charles Ergen ","69","241"
"109","Bernard Marcus ","92","241"
"110","Nicky Oppenheimer & family ","76","241"
"111","George Soros ","91","246"
"112","Carlos Alberto Sicupira & family ","74","251"
"113","Steven Rales ","71","254"
"114","Anthony von Mandl ","72","254"
"115","Carl Bennet ","70","263"
"116","Robert Kraft ","80","263"
"117","Manuel Villar ","72","263"
"118","Gustaf Douglas ","84","267"
"119","Kjeld Kirk Kristiansen ","74","267"
"120","Stephen Ross ","81","267"
"121","Francis Choi ","74","275"
"122","Murali Divi & family ","71","275"
"123","Nancy Walton Laurie ","70","275"
"124","George Roberts ","78","284"
"125","Patrick Ryan ","84","284"
"126","Hasso Plattner & family ","78","288"
"127","Christy Walton ","73","288"
"128","Giorgio Armani ","87","296"
"129","Jim Kennedy ","74","296"
"130","Blair Parry-Okeden ","71","296"
"131","Ashwin Dani & family ","79","304"
"132","Henry Kravis ","78","304"
"133","Frederik Paulsen ","71","304"
"134","Shahid Khan ","71","313"
"135","Vincent Bolloré & family ","70","316"
"136","Richard Kinder ","77","316"
"137","David Shaw ","71","316"
"138","John Malone ","81","321"
"139","Vicky Safra ","69","321"
"140","David Green & family ","80","324"
"141","Patrick Soon-Shiong ","69","324"
"142","Antonia Ax:son Johnson & family ","78","330"
"143","Michael Kadoorie ","80","330"
"144","Lin Shu-hong ","93","330"
"145","Niels Peter Louis-Hansen ","74","330"
"146","Wee Cho Yaw ","93","330"
"147","Silvio Berlusconi & family ","85","336"
"148","Arthur Blank ","79","336"
"149","Judy Faulkner ","78","343"
"150","Carrie Perrodo & family ","71","343"
"151","David Reuben ","83","343"
"152","Simon Reuben ","80","343"
"153","Micky Arison ","72","350"
"154","Edythe Broad & family ","86","350"
"155","Terry Gou ","71","350"
"156","Ralph Lauren ","82","350"
"157","Lucia Maggi & family ","89","350"
"158","Horst Julius Pudwill ","77","350"
"159","Harry Stine ","80","350"
"160","Dennis Washington ","87","350"
"161","Hasmukh Chudgar & family ","88","363"
"162","Frank Lowy ","91","363"
"163","Benu Gopal Bangur ","90","369"
"164","James Goodnight ","79","369"
"165","Alain Merieux & family ","84","369"
"166","Law Kar Po ","73","375"
"167","Nicolas Puech ","79","375"
"168","Viktor Rashnikov ","73","375"
"169","Ray Lee Hunt ","78","386"
"170","Juergen Blickle ","75","398"
"171","Jack Dangermond ","76","398"
"172","Hong Ra-hee ","76","403"
"173","Sri Prakash Lohia ","69","403"
"174","Bruce Kovner ","77","411"
"175","Leonard Stern ","84","411"
"176","Stef Wertheimer & family ","95","411"
"177","Rocco Commisso ","72","418"
"178","George Lucas ","77","418"
"179","Fredrik Lundberg ","70","424"
"180","John Morris ","74","424"
"181","Mahendra Choksi & family ","80","431"
"182","Barry Lam ","72","431"
"183","Teh Hong Piow ","92","431"
"184","Ken Langone ","86","438"
"185","Terrence Pegula ","71","438"
"186","Wolfgang Reimann ","69","438"
"187","Renate Reimann-Haas ","70","438"
"188","Charles Simonyi ","73","438"
"189","John A. Sobrato & family ","82","438"
"190","David Steward ","70","438"
"191","Les Wexner & family ","84","438"
"192","Aloys Wobben ","70","438"
"193","Sam Zell ","80","438"
"194","Anthony Bamford & family ","76","460"
"195","Rainer Blickle ","74","460"
"196","Clive Calder ","75","460"
"197","Frits Goldschmeding ","88","460"
"198","Ananda Krishnan ","84","460"
"199","Odd Reitan & family ","70","460"
"200","Tse Ping ","70","460"
"201","Prajogo Pangestu ","77","471"
"202","Edward Roski, Jr. ","83","471"
"203","David Sun ","70","471"
"204","John Tu ","80","471"
"205","Erich Wesjohann & family ","76","471"
"206","Neil Bluhm ","84","480"
"207","Don Hankey ","78","480"
"208","Ronald Wanek ","80","480"
"209","John Brown ","87","490"
"210","Jim Davis & family ","78","490"
"211","Charles Dolan & family ","95","490"
"212","Tom Golisano ","80","490"
"213","Hui Wing Mau ","71","490"
"214","Massimiliana Landini Aleotti & family ","79","490"
"215","Joe Lewis ","85","490"
"216","Shigenobu Nagamori ","77","490"
"217","Samuel Yin ","71","490"
"218","Ken Fisher ","71","509"
"219","Peter Grogg ","80","509"
"220","Dietmar Hopp & family ","81","509"
"221","Sumet Jiaravanon ","87","509"
"222","Nathan Kirsh ","90","509"
"223","Rudolf Maag ","76","509"
"224","Gary Rollins ","77","509"
"225","Jaran Chiaravanont ","92","523"
"226","Wolfgang Marguerre & family ","80","523"
"227","Katharine Rayner ","77","523"
"228","Margaretta Taylor ","79","523"
"229","Robert Bass ","74","536"
"230","Chan Laiwa & family ","81","536"
"231","Montri Jiaravanont ","91","536"
"232","Charles B. Johnson ","89","536"
"233","Isaac Perlmutter ","79","536"
"234","Michael Pieper ","76","536"
"235","Issad Rebrab & family ","78","536"
"236","Tsai Hong-tu ","69","536"
"237","Wang Junshi & family ","73","536"
"238","Alain Bouchard ","73","552"
"239","Austen Cargill, II. ","71","552"
"240","James Cargill, II. ","72","552"
"241","Johann Graf ","75","552"
"242","Ronald Lauder ","78","552"
"243","Thomas Pritzker ","71","552"
"244","Autry Stephens ","83","552"
"245","Tsai Cheng-ta ","72","552"
"246","Hansjoerg Wyss ","87","552"
"247","Robert Rich, Jr. ","81","579"
"248","Thomas Schmidheiny ","76","579"
"249","Theo Mueller ","82","586"
"250","Julian Robertson, Jr. ","89","586"
"251","Emanuele (Lino) Saputo & family ","85","586"
"252","Maria Fernanda Amorim & family ","87","601"
"253","Leonid Boguslavsky ","70","601"
"254","Richard Branson ","71","601"
"255","Robert Brockman ","80","601"
"256","Scott Cook ","69","601"
"257","Guenther Fielmann & family ","82","601"
"258","Johnelle Hunt ","90","601"
"259","Igor Olenicoff ","79","601"
"260","Mark Shoen ","71","601"
"261","Fred Smith ","77","601"
"262","Dan Cathy ","69","622"
"263","Jason Chang ","77","622"
"264","Dagmar Dolby & family ","80","622"
"265","Masatoshi Ito ","97","622"
"266","Min Kao & family ","73","622"
"267","Ron Baron ","78","637"
"268","David Bonderman ","79","637"
"269","Ted Lerner & family ","96","637"
"270","Trevor Rees-Jones ","70","637"
"271","J. Joe Ricketts & family ","80","637"
"272","Giuseppe De'Longhi & family ","82","654"
"273","Barry Diller ","80","654"
"274","Marian Ilitch ","89","654"
"275","Edwin Leong ","70","654"
"276","N.R. Narayana Murthy ","75","654"
"277","Margot Birmingham Perot ","88","665"
"278","Walter P.J. Droege ","69","665"
"279","Gao Dekang & family ","70","665"
"280","W. Herbert Hunt ","93","665"
"281","Rupert Johnson, Jr. ","81","665"
"282","Vikram Lal & family ","80","665"
"283","Richard Schulze ","81","665"
"284","Paul Singer ","77","665"
"285","Ty Warner ","77","665"
"286","Bernard Broermann ","78","687"
"287","Mong-Koo Chung ","84","687"
"288","Daniel D'Aniello ","75","687"
"289","Traudl Engelhorn & family ","95","687"
"290","Piero Ferrari ","76","687"
"291","Bertil Hult ","81","687"
"292","Martha Ingram & family ","86","687"
"293","Lee Yin Yee ","70","687"
"294","Janice McNair ","85","687"
"295","Kerry Stokes ","81","687"
"296","Romesh T. Wadhwani ","74","687"
"297","James Irving ","94","709"
"298","Samuel Tak Lee ","82","709"
"299","Ermirio Pereira de Moraes & family ","89","709"
"300","Maria Helena Moraes Scripilliti & family ","91","709"
"301","E. Joe Shoen ","72","709"
"302","Steven Udvar-Hazy ","76","709"
"303","Patrizio Bertelli ","76","728"
"304","Paul Gauselmann & family ","87","728"
"305","Michael Herz ","78","728"
"306","Wolfgang Herz ","71","728"
"307","Arthur Irving ","92","728"
"308","Marc Ladreit de Lacharriere ","81","728"
"309","Patrick Lee ","80","728"
"310","Georg Nemetschek & family ","88","728"
"311","Akio Nitori ","78","728"
"312","Pankaj Patel ","69","728"
"313","Miuccia Prada ","72","728"
"314","Juan Roig ","72","728"
"315","David Rubenstein ","72","728"
"316","Jerzy Starak ","74","728"
"317","Herbert Wertheim ","82","728"
"318","Denise York & family ","71","728"
"319","Hubert Burda ","82","764"
"320","Francesco Gaetano Caltagirone ","79","764"
"321","Helmut Sohmen ","82","764"
"322","Donald Sterling ","87","764"
"323","Don Vultaggio & family ","70","764"
"324","Yiling Wu ","72","764"
"325","Gayle Benson ","75","778"
"326","William Conway, Jr. ","72","778"
"327","Gurbachan Singh Dhingra ","71","778"
"328","Kuldip Singh Dhingra ","74","778"
"329","Michel Leclercq & family ","82","778"
"330","Michael Milken ","75","778"
"331","Sergio Stevanato & family ","79","778"
"332","Yitzhak Tshuva ","73","778"
"333","Paul-Heinz Wesjohann & family ","78","778"
"334","Zhou Bajin ","86","778"
"335","William Berkley ","75","801"
"336","John Catsimatidis ","73","801"
"337","Gustavo Denegri ","85","801"
"338","Charles Edelstenne ","84","801"
"339","Amos Hostetter, Jr. ","85","801"
"340","Friedrich Knapp ","70","801"
"341","Richard LeFrak & family ","76","801"
"342","Low Tuck Kwong ","73","801"
"343","Akira Mori & family ","85","801"
"344","Ira Rennert ","87","801"
"345","Bernard Saul, II. ","89","801"
"346","Steven Spielberg ","75","801"
"347","Danielle Bellon & family ","82","822"
"348","Cho Tak Wong ","75","822"
"349","Charles Cohen ","70","822"
"350","Martin Ebner ","76","822"
"351","Miguel Fluxa Rossello ","83","822"
"352","John Henry ","72","822"
"353","Peter Kellogg ","79","822"
"354","James Leprino ","84","822"
"355","Arturo Moreno ","75","822"
"356","Julio Ponce Lerou ","76","822"
"357","Chandru Raheja ","81","822"
"358","Rodger Riney & family ","76","822"
"359","Zuowen Song ","75","822"
"360","Jerry Speyer ","81","822"
"361","Tung Chee Chen ","79","822"
"362","Roger Wang ","73","822"
"363","Beatriz Davila de Santo Domingo ","83","851"
"364","Antonio Del Valle Ruiz & family ","83","851"
"365","Yuhua Gu & family ","72","851"
"366","Kuok Khoon Hong ","72","851"
"367","Jeffrey Lurie ","70","851"
"368","Mary Alice Dorrance Malone ","72","851"
"369","Ronald McAulay ","86","851"
"370","Arnon Milchan ","77","851"
"371","Masahiro Noda ","83","851"
"372","Lynn Schusterman ","83","851"
"373","Thomas Siebel ","69","851"
"374","Herb Simon ","87","851"
"375","Friede Springer ","79","851"
"376","Hans Peter Wild ","80","851"
"377","Mohed Altrad ","74","883"
"378","Sid Bass ","79","883"
"379","Nick Caporella ","86","883"
"380","Archie Aldis Emmerson & family ","92","883"
"381","David Gottesman ","95","883"
"382","Laurence Graff & family ","83","883"
"383","Bob Parsons ","71","883"
"384","Prasert Prasarttong-Osoth ","89","883"
"385","Qiu Guanghe & family ","70","883"
"386","Richard Sands ","71","883"
"387","T. Denny Sanford ","86","883"
"388","Chenghai Ye & family ","78","883"
"389","An Kang ","73","913"
"390","Arun Bharat Ram ","81","913"
"391","Jean Coutu & family ","94","913"
"392","Bob Gaglardi ","81","913"
"393","John Gandel ","87","913"
"394","Xuande Hua & family ","78","913"
"395","Micky Jagtiani ","70","913"
"396","Miguel Krigsner ","72","913"
"397","Lin Ming-hsiung ","72","913"
"398","Kiran Mazumdar-Shaw ","69","913"
"399","Or Wai Sheun ","70","913"
"400","Jay Paul ","74","913"
"401","Horst Paulmann & family ","87","913"
"402","Theodore Rachmat ","78","913"
"403","John Sall ","74","913"
"404","Nusli Wadia ","78","913"
"405","Steve Wynn ","80","913"
"406","Dongchen Cai ","69","951"
"407","Vanich Chaiyawan ","90","951"
"408","James Clark ","78","951"
"409","Jack Cowin ","79","951"
"410","Giuseppe Crippa & family ","86","951"
"411","Peter Gilgan ","71","951"
"412","Thomas Hagen ","86","951"
"413","Rudy Ma ","81","951"
"414","Taha Mikati ","77","951"
"415","Gail Miller ","78","951"
"416","Candido Pinheiro Koren de Lima ","75","951"
"417","Rita Tong Liu ","73","951"
"418","Zhang Daocai ","72","951"
"419","John Caudwell ","69","984"
"420","Philippe Foriel-Destezet ","86","984"
"421","Walter Frey ","78","984"
"422","Otto Happel ","74","984"
"423","Peter Hargreaves ","75","984"
"424","Harsh Mariwala ","70","984"
"425","Madhukar Parekh ","75","984"
"426","Haim Saban ","77","984"
"427","Klaus-Peter Schulenberg ","70","984"
"428","Neal Blue & family ","87","1012"
"429","Bernard Ecclestone & family ","91","1012"
"430","Michael Federmann & family ","78","1012"
"431","Heidi Horten ","81","1012"
"432","Sheldon Lavin ","89","1012"
"433","Karsanbhai Patel ","78","1012"
"434","Sybill Storz ","84","1012"
"435","Donald Trump ","75","1012"
"436","Tsai Ming-kai ","71","1012"
"437","Rufino Vigil Gonzalez ","73","1012"
"438","Zhigang Wu & family ","87","1012"
"439","Xie Juhua & family ","71","1012"
"440","Charles Zegar ","74","1012"
"441","Mortimer Zuckerman ","84","1012"
"442","Juan Abello ","80","1053"
"443","Riley Bechtel & family ","70","1053"
"444","Stewart Horejsi & family ","84","1053"
"445","Zhenda Huang & family ","74","1053"
"446","Jeremy Jacobs, Sr. & family ","82","1053"
"447","Hamilton James ","70","1053"
"448","Drayton McLane, Jr. ","85","1053"
"449","Roger Penske ","85","1053"
"450","Masateru Uno & family ","75","1053"
"451","Frank VanderSloot ","73","1053"
"452","Jose Joao Abdalla Filho ","76","1096"
"453","Bill Alfond ","73","1096"
"454","Susan Alfond ","76","1096"
"455","Ted Alfond ","77","1096"
"456","Cao Ji ","70","1096"
"457","John Paul DeJoria ","77","1096"
"458","Beda Diethelm ","81","1096"
"459","Bennett Dorrance ","76","1096"
"460","Abhay Firodia ","77","1096"
"461","Allan Goldman ","79","1096"
"462","J. Tomilson Hill ","73","1096"
"463","James Jannard ","72","1096"
"464","Diane Kemper ","76","1096"
"465","Kwek Leng Beng ","81","1096"
"466","Maritsa Lazari & family ","77","1096"
"467","Lin Chen-hai ","75","1096"
"468","Sergio Mantegazza ","94","1096"
"469","Hans Melchers ","83","1096"
"470","Eugene Murtagh ","79","1096"
"471","Richard Peery ","83","1096"
"472","Gregorio Perez Companc & family ","86","1096"
"473","Sebastian Piñera & family ","72","1096"
"474","Nicholas Pritzker ","78","1096"
"475","Isabella Seràgnoli ","76","1096"
"476","Stephen Smith ","70","1096"
"477","Sun Shoukuan ","72","1096"
"478","Henry Sy, Jr. ","69","1096"
"479","Andrew Tan ","70","1096"
"480","Tung Chee Hwa ","84","1096"
"481","Xicheng Wang & family ","73","1096"
"482","Xu Chuanhua & family ","87","1096"
"483","Bill Austin ","80","1163"
"484","Giuliana Benetton ","84","1163"
"485","Luciano Benetton ","86","1163"
"486","George Bishop ","84","1163"
"487","Vivek Chand Burman ","84","1163"
"488","Morris Chang ","90","1163"
"489","Jack Cockwell ","81","1163"
"490","Edward DeBartolo, Jr. ","75","1163"
"491","Abilio dos Santos Diniz ","85","1163"
"492","John Dorrance, III. ","78","1163"
"493","Carlos Hank Rhon ","74","1163"
"494","C. Dean Metropoulos ","75","1163"
"495","Dan Olsson ","75","1163"
"496","Hussain Sajwani ","69","1163"
"497","Takao Yasuda ","72","1163"
"498","Harindarpal Banga ","71","1196"
"499","Norman Braman ","89","1196"
"500","J. Hyatt Brown ","84","1196"
"501","Chen Lip Keong ","74","1196"
"502","Alceu Elias Feldmann ","72","1196"
"503","Doris Fisher ","90","1196"
"504","Alec Gores ","69","1196"
"505","Li Hongxin & family ","69","1196"
"506","Lu Zhongfang ","79","1196"
"507","Ronald Perelman ","79","1196"
"508","Tahir & family ","70","1196"
"509","Suhail Bahwan ","83","1238"
"510","Charles Bronfman ","90","1238"
"511","Chen Tei-fu ","73","1238"
"512","Chuchat Petaumpai & Daonapa Petampai ","69","1238"
"513","Leon G. Cooperman ","78","1238"
"514","Smita Crishna-Godrej ","71","1238"
"515","Gerald Ford ","77","1238"
"516","Adi Godrej ","80","1238"
"517","Jamshyd Godrej ","73","1238"
"518","Nadir Godrej ","71","1238"
"519","Donald Horton & family ","72","1238"
"520","Baba Kalyani ","73","1238"
"521","Stephen Lansdown ","69","1238"
"522","Mohamed Mansour ","74","1238"
"523","Kishore Mariwala ","87","1238"
"524","Willy Michel ","75","1238"
"525","Lachhman Das Mittal ","91","1238"
"526","Charles Munger ","98","1238"
"527","Rishad Naoroji ","70","1238"
"528","Yongpei Ni & family ","70","1238"
"529","Qiu Minxiu ","76","1238"
"530","Stewart Rahr ","76","1238"
"531","Prathap Reddy ","90","1238"
"532","Glen Taylor ","80","1238"
"533","George Argyros & family ","85","1292"
"534","Edward Bass ","76","1292"
"535","Banwari Lal Bawri ","69","1292"
"536","Girdhari Lal Bawri ","74","1292"
"537","Chao Teng-hsiung ","77","1292"
"538","William Franke ","84","1292"
"539","Hans Langer ","70","1292"
"540","Alberto Roemmers ","95","1292"
"541","Rodney Sacks ","72","1292"
"542","Hilton Schlosberg ","69","1292"
"543","Alberto Siccardi & family ","77","1292"
"544","Salil Singhal ","74","1292"
"545","Teresita Sy-Coson ","71","1292"
"546","Katsumi Tada ","76","1292"
"547","Tang Yiu ","88","1292"
"548","Lottie Tham & family ","72","1292"
"549","T.Y. Tsai ","69","1292"
"550","Peter Unger ","77","1292"
"551","Zhang Li ","69","1292"
"552","Koos Bekker ","69","1341"
"553","William Boyd & family ","90","1341"
"554","Timothy Boyle ","72","1341"
"555","Anand Burman ","69","1341"
"556","R.G. Chandramogan ","73","1341"
"557","Kommer Damen ","78","1341"
"558","Henry Davis ","71","1341"
"559","Ray Davis ","80","1341"
"560","Kenneth Feld & family ","73","1341"
"561","Serge Godin ","72","1341"
"562","Philip & Cristina Green ","70","1341"
"563","Yusuf Hamied ","85","1341"
"564","Hans-Werner Hector ","82","1341"
"565","Douglas Hsu ","79","1341"
"566","Louis Le Duff ","75","1341"
"567","Solomon Lew ","77","1341"
"568","Prayudh Mahagitsiri ","76","1341"
"569","Clayton Mathile ","81","1341"
"570","Erwin Franz Mueller ","89","1341"
"571","David Murdock ","98","1341"
"572","Rubens Ometto Silveira Mello ","72","1341"
"573","Erik Paulsson & family ","80","1341"
"574","Dirk Rossmann & family ","75","1341"
"575","Stephan Schmidheiny ","74","1341"
"576","Wenrong Shen ","76","1341"
"577","Mengquan Sun & family ","72","1341"
"578","Ted Turner ","83","1341"
"579","David Walentas ","83","1341"
"580","Zhang Wanzhen ","72","1341"
"581","Michael Ashcroft ","76","1397"
"582","Yadu Hari Dalmia & family ","74","1397"
"583","Robert Friedland ","71","1397"
"584","Phillip Frost ","85","1397"
"585","Hortensia Herrero ","71","1397"
"586","Christian Latouche ","81","1397"
"587","Lin Chang Su-O ","81","1397"
"588","Howard Marks ","75","1397"
"589","Craig McCaw ","72","1397"
"590","Vincent McMahon ","76","1397"
"591","Lang Walker ","76","1397"
"592","William Young ","81","1397"
"593","Mohamed Al Fayed ","93","1445"
"594","Faisal Bin Qassim Al Thani ","74","1445"
"595","Alberto Bombassei ","81","1445"
"596","Ron Burkle ","69","1445"
"597","Bruce Cheng ","86","1445"
"598","Dermot Desmond ","71","1445"
"599","Bob Ell ","77","1445"
"600","Lindsay Fox ","84","1445"
"601","Gordon Getty ","88","1445"
"602","Dennis Gillings ","77","1445"
"603","David Hains ","91","1445"
"604","Shmuel Harlap ","77","1445"
"605","Gerry Harvey ","82","1445"
"606","Thomas James ","79","1445"
"607","Eiichi Kuriwada ","75","1445"
"608","Lau Cho Kun ","86","1445"
"609","Narendrakumar Parekh ","83","1445"
"610","Alice Schwartz ","95","1445"
"611","Peter Sondakh ","72","1445"
"612","Timothy Springer ","74","1445"
"613","Suyu Su & family ","73","1445"
"614","Elizabeth Sy ","69","1445"
"615","Sukanto Tanoto ","72","1445"
"616","Wang Ren-sheng ","90","1445"
"617","Thomas Wu ","72","1445"
"618","S. Daniel Abraham ","97","1513"
"619","Julio Bozano ","86","1513"
"620","Herb Chambers ","80","1513"
"621","Robert Duggan ","77","1513"
"622","Maria Franca Fissolo ","87","1513"
"623","Kuan Kam Hon & family ","74","1513"
"624","Henry Laufer ","76","1513"
"625","Thomas Lee ","78","1513"
"626","Michael Lee-Chin ","71","1513"
"627","Lim Kok Thay ","70","1513"
"628","Roberto Irineu Marinho ","74","1513"
"629","Robert Miller ","88","1513"
"630","David Nahmad ","74","1513"
"631","Florentino Perez ","75","1513"
"632","Jennifer Pritzker ","71","1513"
"633","Joe Rogers, Jr. ","75","1513"
"634","Ruan Shuilong & family ","86","1513"
"635","Phil Ruffin ","87","1513"
"636","Vinod Saraf ","69","1513"
"637","Maria-Elisabeth Schaeffler-Thumann ","80","1513"
"638","Shen Xiqiang & family ","74","1513"
"639","Shi Wen-long ","94","1513"
"640","Thaksin Shinawatra ","72","1513"
"641","Wichai Thongtang ","75","1513"
"642","Michael Ying ","72","1513"
"643","Anu Aga ","79","1579"
"644","Sezai Bacaksiz ","72","1579"
"645","Kiki Barki ","82","1579"
"646","John Bloor ","78","1579"
"647","Nicola Bulgari ","81","1579"
"648","Alejandro Bulgheroni ","77","1579"
"649","Fernando Chico Pardo ","70","1579"
"650","Jose Luis Cutrale ","75","1579"
"651","Francois Feuillet & family ","73","1579"
"652","Mario Gabelli ","80","1579"
"653","Reinold Geiger ","74","1579"
"654","Roberto Hernandez Ramirez ","80","1579"
"655","Hoi Kin Hong ","69","1579"
"656","Willis Johnson ","74","1579"
"657","Keeree Kanjanapas ","71","1579"
"658","Thomas Kwok ","70","1579"
"659","Lei Jufang ","69","1579"
"660","Romano Minozzi ","87","1579"
"661","Oei Hong Leong ","74","1579"
"662","Nihat Ozdemir ","72","1579"
"663","Dwight Schar ","80","1579"
"664","Djoko Susanto ","72","1579"
"665","Sze Man Bok ","72","1579"
"666","Alain Taravella ","74","1579"
"667","Wang Chou-hsiong ","81","1579"
"668","Yuan Fugen & family ","71","1579"
"669","Leslie Alexander ","78","1645"
"670","Roberto Angelini Rossi ","73","1645"
"671","Chen Xueli ","70","1645"
"672","James France ","77","1645"
"673","Yasuhiro Fukushima ","74","1645"
"674","Zhongru Gan ","73","1645"
"675","Rahul Gautam ","69","1645"
"676","Christopher Goldsbury ","79","1645"
"677","Alexandre Grendene Bartelle ","72","1645"
"678","Surjit Kumar Gupta ","80","1645"
"679","David Hindawi ","77","1645"
"680","Stanley Hubbard ","88","1645"
"681","Hal Jackman ","89","1645"
"682","Stephen Jarislowsky ","96","1645"
"683","George Joseph ","100","1645"
"684","Michiel Le Roux ","72","1645"
"685","Wolfgang Leitner ","69","1645"
"686","Bill Malhotra ","72","1645"
"687","George Marcus ","80","1645"
"688","Gary Michelson ","73","1645"
"689","Robert G. Miller ","76","1645"
"690","Fernando Roberto Moreira Salles ","75","1645"
"691","Mrudula Parekh ","74","1645"
"692","Phillip T. (Terry) Ragon ","72","1645"
"693","G. Rajendran ","79","1645"
"694","Krit Ratanarak ","75","1645"
"695","Jerry Reinsdorf ","86","1645"
"696","Mochtar Riady & family ","92","1645"
"697","Rajju Shroff ","88","1645"
"698","Zhenghua Wang ","77","1645"
"699","Charlotte Colket Weber ","79","1645"
"700","Elaine Wynn ","79","1645"
"701","Xuexin Zhang & family ","74","1645"
"702","Zadik Bino & family ","78","1729"
"703","David Booth ","76","1729"
"704","Josef Boquoi & family ","88","1729"
"705","Mingtong Cai ","70","1729"
"706","Chen Yung-tai ","86","1729"
"707","Phongthep Chiaravanont ","70","1729"
"708","Dulce Pugliese de Godoy Bueno ","74","1729"
"709","Donald Foss ","77","1729"
"710","G. Gnanalingam ","77","1729"
"711","William Heinecke ","72","1729"
"712","Lee Joong-keun ","81","1729"
"713","James Leininger ","77","1729"
"714","Bruce Mathieson ","78","1729"
"715","Billy Joe (Red) McCombs ","94","1729"
"716","Mario Moretti Polegato & family ","69","1729"
"717","Alberto Palatchi ","72","1729"
"718","Nelson Peltz ","79","1729"
"719","Jorge Perez ","72","1729"
"720","Marina Prada ","76","1729"
"721","Arkady Rotenberg ","70","1729"
"722","Dieter Schnabel ","76","1729"
"723","Basudeo Singh ","81","1729"
"724","Patrizio Vinciarelli ","75","1729"
"725","Wang Yanqing & family ","75","1729"
"726","Stephen Winn ","75","1729"
"727","Ian Wood & family ","79","1729"
"728","Gordon Wu ","86","1729"
"729","Vladimir Yevtushenkov ","73","1729"
"730","Zhang Jingzhang & family ","86","1729"
"731","Zheng Hong & family ","71","1729"
"732","Anita Zucker ","70","1729"
"733","Herbert Allen, Jr. & family ","82","1818"
"734","Vasily Anisimov ","70","1818"
"735","Mori Arkin ","69","1818"
"736","Semahat Sevim Arsel ","93","1818"
"737","Shyam Bhartia ","69","1818"
"738","Sam Goi ","75","1818"
"739","Bill Gross ","77","1818"
"740","Sue Gross ","72","1818"
"741","Lutz Mario Helmig ","75","1818"
"742","Archie Hwang ","69","1818"
"743","Richard Kayne ","76","1818"
"744","Jim Koch ","72","1818"
"745","William Koch ","81","1818"
"746","Kagemasa Kozuki ","81","1818"
"747","Arvind Lal ","72","1818"
"748","Robert Langer ","73","1818"
"749","Li Denghai ","72","1818"
"750","Li Rucheng ","70","1818"
"751","Vincent Lo ","73","1818"
"752","Brandt Louie ","78","1818"
"753","Catherine Lozick ","76","1818"
"754","Duncan MacMillan ","84","1818"
"755","John MacMillan ","72","1818"
"756","Martha MacMillan ","70","1818"
"757","Terence (Terry) Matthews ","79","1818"
"758","Kazuo Okada ","79","1818"
"759","George Sakellaris ","75","1818"
"760","Gerald Schwartz ","80","1818"
"761","Carl Thoma ","73","1818"
"762","Ion Tiriac ","82","1818"
"763","Tom Werner ","71","1818"
"764","Kie Chie Wong ","74","1818"
"765","Antti Aarnio-Wihuri ","82","1929"
"766","Chirayu Amin ","75","1929"
"767","Ana Maria Brescia Cafferata ","97","1929"
"768","Paolo Bulgari ","84","1929"
"769","Giuliana Caprotti ","81","1929"
"770","Eduardo Costantini ","75","1929"
"771","Bharat Desai ","69","1929"
"772","Bulent Eczacibasi ","72","1929"
"773","Eduardo Eurnekian ","89","1929"
"774","John Farber ","96","1929"
"775","Clement Fayat & family ","90","1929"
"776","Alan Gerry ","93","1929"
"777","Esther Grether ","86","1929"
"778","Torstein Hagen ","79","1929"
"779","Timothy Headington ","71","1929"
"780","Niranjan Hiranandani ","72","1929"
"781","Huang Rulun ","70","1929"
"782","Sidney Kimmel ","94","1929"
"783","Mustafa Rahmi Koc ","91","1929"
"784","Pyotr Kondrashev ","72","1929"
"785","Hemendra Kothari ","75","1929"
"786","Eduard Kucera ","69","1929"
"787","Manuel Lao Hernández ","77","1929"
"788","Rafique Malik ","71","1929"
"789","Youssef Mansour ","76","1929"
"790","Mao Lixiang & family ","81","1929"
"791","David McMurtry ","81","1929"
"792","Meng Qingshan & family ","73","1929"
"793","Alan Miller & family ","84","1929"
"794","Massimo Moratti ","76","1929"
"795","Robert Mouawad ","77","1929"
"796","Ezra Nahmad ","76","1929"
"797","Kentaro Ogawa ","73","1929"
"798","Michael Polsky ","73","1929"
"799","G. M. Rao ","71","1929"
"800","Fernando Roig ","74","1929"
"801","Fayez Sarofim ","93","1929"
"802","Antonio Luiz Seabra ","79","1929"
"803","Edwin Soeryadjaya ","72","1929"
"804","Wilma Tisch ","94","1929"
"805","Kenny Troutt ","74","1929"
"806","Myron Wentz ","82","1929"
"807","Xu Wanmao ","77","1929"
"808","Xue Jiping ","71","1929"
"809","Radhe Shyam Agarwal ","77","2076"
"810","Syed Mokhtar AlBukhary ","70","2076"
"811","Thomas Bruch ","71","2076"
"812","Richard Chang ","75","2076"
"813","Darwin Deason ","81","2076"
"814","Deng Yingzhong ","71","2076"
"815","Mukand Lal Dua ","73","2076"
"816","William Foley, II. ","77","2076"
"817","Jayme Garfinkel & family ","76","2076"
"818","Radhe Shyam Goenka ","76","2076"
"819","Daniel Hirschfeld ","80","2076"
"820","Yintai Jiang & family ","71","2076"
"821","Kim Jun-ki ","77","2076"
"822","Yogesh Kothari ","73","2076"
"823","Kurt Krieger ","74","2076"
"824","Art Levinson ","72","2076"
"825","Scott Lin ","89","2076"
"826","Anatoly Lomakin ","69","2076"
"827","Jerry Moyes & family ","78","2076"
"828","George Jacob Muthoot ","69","2076"
"829","George Thomas Muthoot ","71","2076"
"830","Stefan Olsson ","73","2076"
"831","Subhash Runwal ","78","2076"
"832","Martin Selig ","84","2076"
"833","Bhadresh Shah ","70","2076"
"834","Prachak Tangkaravakoon ","78","2076"
"835","Lina Tombolato ","74","2076"
"836","Luiza Helena Trajano ","70","2076"
"837","John Van Lieshout ","76","2076"
"838","Vardis Vardinoyannis & family ","89","2076"
"839","Werner O. Weber ","83","2076"
"840","Eugene Wu ","76","2076"
"841","Wu Xushun & family ","73","2076"
"842","Alberto Alcocer ","79","2190"
"843","Anant Asavabhokin ","71","2190"
"844","Othman Benjelloun & family ","89","2190"
"845","Angela Bennett ","78","2190"
"846","Edouard Carmignac ","74","2190"
"847","Jeffrey Cheah ","77","2190"
"848","Chua Thian Poh ","73","2190"
"849","Alberto Cortina ","76","2190"
"850","Sandor Csanyi ","69","2190"
"851","Sasson Dayan & family ","82","2190"
"852","Richard Desmond ","70","2190"
"853","Shlomo Eliahu ","86","2190"
"854","Jose Ermirio de Moraes Neto ","69","2190"
"855","Marvy Finger ","86","2190"
"856","Richard Fortin ","73","2190"
"857","Premchand Godha ","75","2190"
"858","Alfredo Harp Helu & family ","78","2190"
"859","David Hoffmann ","69","2190"
"860","Francis Holder ","81","2190"
"861","Mitchell Jacobson ","71","2190"
"862","Yuri Kovalchuk ","70","2190"
"863","Heikki Kyostila ","76","2190"
"864","Bernard Lewis & family ","96","2190"
"865","Xuejing Liu & family ","71","2190"
"866","Yoshiko Mori ","81","2190"
"867","Mofatraj Munot ","77","2190"
"868","Satyanarayan Nuwal ","69","2190"
"869","Forrest Preston ","89","2190"
"870","Lily Safra ","84","2190"
"871","Deniz Sahenk ","76","2190"
"872","Hajime Satomi ","80","2190"
"873","Albert Shigaboutdinov ","69","2190"
"874","Nobutoshi Shimamura ","96","2190"
"875","Terry Snow ","78","2190"
"876","Manny Stul ","72","2190"
"877","Tony Tan Caktiong ","69","2190"
"878","Jim Thompson ","82","2190"
"879","Carmen Thyssen ","78","2190"
"880","Joop van den Ende ","80","2190"
"881","Wan Long ","81","2190"
"882","Alfred West, Jr. ","79","2190"
"883","Farris Wilks ","70","2190"
"884","Zhang Guiping & family ","70","2190"
"885","Thomas Bailey ","85","2324"
"886","Ashok Boob ","70","2324"
"887","Pradip Burman ","79","2324"
"888","Yvon Chouinard ","83","2324"
"889","Luigi Cremonini & family ","82","2324"
"890","Sven Hagströmer ","78","2324"
"891","Richard Hayne ","74","2324"
"892","Michael Heine ","72","2324"
"893","Huang Shih Tsai ","70","2324"
"894","Mohammed Ibrahim ","75","2324"
"895","Rameshchandra Jain ","73","2324"
"896","Chatchai Kaewbootta ","70","2324"
"897","Hartono Kweefanus ","72","2324"
"898","Ulrich Mommert & family ","81","2324"
"899","George Pedersen ","86","2324"
"900","Murdaya Poo ","81","2324"
"901","Michael Price ","69","2324"
"902","Megdet Rahimkulov & family ","76","2324"
"903","Helena Revoredo ","75","2324"
"904","Nobutada Saji ","76","2324"
"905","Leonard Schleifer ","69","2324"
"906","Devi Shetty ","69","2324"
"907","Michael Steinhardt ","81","2324"
"908","Winarko Sulistyo ","76","2324"
"909","Lucio Tan ","87","2324"
"910","Sam Tarascio ","77","2324"
"911","Alexander Tedja ","76","2324"
"912","Laurie Tisch ","71","2324"
"913","Steven Tisch ","73","2324"
"914","Wim van der Leegte ","74","2324"
"915","J. Wayne Weaver ","86","2324"
"916","Horst Wortmann ","80","2324"
"917","Wu Li-gann ","81","2324"
"918","Yeh Kuo-I ","80","2324"
"919","Joao Alves de Queiroz Filho ","69","2448"
"920","Ryuji Arai ","75","2448"
"921","Aydin Dogan ","85","2448"
"922","Gabriel Escarrer ","87","2448"
"923","Richard Fairbank ","71","2448"
"924","Paul Fireman ","78","2448"
"925","Donald Friese ","81","2448"
"926","Soichiro Fukutake ","76","2448"
"927","Antonio Gallardo Ballart ","86","2448"
"928","Mustafa Hamied ","81","2448"
"929","Hong Seok-joh ","69","2448"
"930","Subba Rao Jasti ","95","2448"
"931","Koo Bon-neung ","73","2448"
"932","Suresh Krishna ","85","2448"
"933","Norma Lerner ","86","2448"
"934","Lim Hariyanto Wijaya Sarwono ","93","2448"
"935","Lv Yongxiang ","72","2448"
"936","Erik Must ","79","2448"
"937","Kerr Neilson ","72","2448"
"938","Jose Isaac Peres & family ","81","2448"
"939","John Phillips ","71","2448"
"940","K. Rai Sahi ","75","2448"
"941","Karl Scheufele, III. & family ","83","2448"
"942","Scott Smith ","72","2448"
"943","Ashok Soota ","79","2448"
"944","Venu Srinivasan ","69","2448"
"945","Robert Toll ","81","2448"
"946","Surin Upatkoon ","72","2448"
"947","Murat Vargi ","74","2448"
"948","Pongsak Viddayakorn ","88","2448"
"949","Allan Wong ","72","2448"
"950","Yang Erzhu ","71","2448"
"951","Yoshiaki Yoshida ","81","2448"
"952","Wilbur  'Ed' Bosarge, Jr. ","82","2578"
"953","Jean-Pierre Cayard ","79","2578"
"954","Tony Chen ","72","2578"
"955","Roy Chi Ping Chung ","69","2578"
"956","Carl DeSantis ","82","2578"
"957","Sefik Yilmaz Dizdar ","84","2578"
"958","Larry Fink ","69","2578"
"959","Jorge Gallardo Ballart ","80","2578"
"960","Nari Genomal ","82","2578"
"961","Ramesh Genomal ","71","2578"
"962","Horst-Otto Gerberding ","69","2578"
